svm_TrainingTime (s),svm_InferenceTime (s)
55.86406183242798,1.979017972946167
