,precision,recall,f1-score
Negative,0.653179190751445,0.5243619489559165,0.5817245817245817
Neutral,0.7263969171483622,0.8377777777777777,0.7781217750257998
Positive,0.825722273998136,0.8382213812677389,0.831924882629108
