lstm_TrainingTime (s),lstm_InferenceTime (s)
101.312246799469,1.1243484020233154
