lstm_TrainingTime (s),lstm_InferenceTime (s)
409.44276905059814,2.540104866027832
