,precision,recall,f1-score,support
Negative,0.812206572769953,0.802784222737819,0.8074679113185531,431.0
Neutral,0.9524886877828054,0.9355555555555556,0.9439461883408071,450.0
Positive,0.9158878504672897,0.9271523178807947,0.921485660554772,1057.0
