,precision,recall,f1-score
Negative,1.0,0.08120649651972157,0.15021459227467812
Neutral,0.7602739726027398,0.74,0.75
Positive,0.6846416382252559,0.9489120151371807,0.7954004758128469
