,precision,recall,f1-score
Negative,1.0,0.07888631090487239,0.14623655913978495
Neutral,0.7603686635944701,0.7333333333333333,0.746606334841629
Positive,0.6816326530612244,0.9479659413434248,0.7930352196280175
