,precision,recall,f1-score
Negative,1.0,0.5614849187935035,0.7191679049034175
Neutral,0.4707112970711297,1.0,0.6401137980085349
Positive,1.0,0.7000946073793756,0.8235948803561491
