Model,Overall Accuracy
distilbert,0.8978328173374613
lstm,0.7683178782463074
randomForest,0.7074
svm,0.7559
textblob,1.0
vader,0.6047
